,PC1,PC2,PC3,PC4,PC5,PC6,PC7,PC8,PC9,PC10
what_gender_do_you_identify_as_Male,0.0022,-0.0263,-0.045,0.0245,-0.0,0.0429,0.0341,-0.0933,-0.1071,0.1385
your_highest_education_level_Graduate ,0.0004,0.0013,0.0384,-0.0874,0.0187,0.0196,0.0885,-0.0774,0.1731,0.0568
your_highest_education_level_Other,0.1223,-0.0495,0.0396,-0.0229,0.1084,0.0263,0.0292,-0.0005,-0.0687,-0.0282
your_highest_education_level_Postgraduate,-0.0757,-0.0774,-0.0648,0.0233,0.1906,-0.0604,-0.1059,0.0953,0.0178,-0.0917
your_highest_education_level_Pursuing UG,-0.0346,-0.006,-0.0737,-0.0058,-0.0276,0.2454,0.0116,0.0474,0.0107,-0.0981
your_highest_education_level_Pursuing graduation ,-0.0202,-0.0362,0.1222,0.291,0.0035,0.0709,0.0566,-0.0088,0.0602,0.0746
your_highest_education_level_Secondary,0.0238,-0.0227,-0.0631,0.0266,-0.0826,-0.0407,-0.0908,-0.0727,0.028,0.0069
your_highest_education_level_Undergraduate,0.0369,0.1059,0.0615,-0.0621,-0.1669,0.0103,0.1024,-0.0398,-0.0603,0.0927
your_current_employment_status_Self-employed,0.0861,-0.0614,-0.0324,-0.0253,0.006,-0.0017,0.0118,0.0089,-0.0272,-0.0126
your_current_employment_status_Student,-0.0433,0.1227,0.0901,-0.0233,-0.0615,0.1599,-0.0418,0.0732,0.0299,0.0377
your_current_employment_status_Unemployed,-0.0031,-0.0372,-0.0361,0.0224,-0.0618,-0.1102,0.085,-0.053,0.0221,0.0352
where_do_you_currently_reside_.,0.0731,-0.0239,0.0493,-0.0269,0.1041,0.0139,0.0395,-0.0065,-0.0918,-0.0423
where_do_you_currently_reside_Aggyathuri ,0.0802,0.1615,-0.0705,0.0468,0.0443,0.0455,0.0336,-0.0078,-0.056,0.0798
where_do_you_currently_reside_Amingaon,0.0519,0.0116,0.0697,-0.0511,0.0035,-0.0081,0.0341,0.1447,0.0358,0.1822
where_do_you_currently_reside_Assam,0.0702,-0.0009,-0.028,0.0207,-0.0485,0.0068,-0.057,0.0015,-0.041,-0.0054
where_do_you_currently_reside_Assam ,0.0301,0.0297,-0.0118,0.0137,0.0268,-0.0075,-0.0257,-0.0954,-0.0227,0.0474
where_do_you_currently_reside_Basistha ,-0.022,-0.0457,-0.0456,0.013,-0.0574,-0.069,0.1282,-0.0013,-0.0587,0.1267
where_do_you_currently_reside_Coimbatore,-0.031,-0.008,-0.0026,0.0127,0.0546,-0.0632,-0.0575,-0.0709,-0.0019,-0.0048
where_do_you_currently_reside_Currently i live in home,0.0362,-0.0081,0.096,-0.0771,-0.0108,0.0565,0.1345,-0.0221,-0.0469,-0.0984
where_do_you_currently_reside_Delhi,-0.0625,-0.0151,-0.0046,0.0386,0.0744,-0.0138,-0.0595,0.03,-0.0695,-0.0553
where_do_you_currently_reside_Delhi ,0.0219,0.021,0.037,-0.0297,-0.0413,-0.0302,-0.0032,-0.0986,-0.0214,-0.0533
where_do_you_currently_reside_Delhi NCR,0.0105,-0.0015,0.0482,0.039,0.0173,-0.0176,0.0189,0.0396,-0.0156,0.0041
where_do_you_currently_reside_Dhubri,-0.0135,-0.0016,0.0409,0.0166,-0.0437,0.0068,0.0081,-0.0036,-0.0103,-0.0538
where_do_you_currently_reside_Dibrugarh/ Guwahati ,-0.0195,-0.002,-0.0104,0.0018,0.0149,0.0097,-0.0078,-0.0102,0.0344,0.0077
where_do_you_currently_reside_East Delhi,0.0106,0.0068,0.0386,-0.0115,-0.0073,-0.0082,-0.0027,-0.0317,-0.0349,-0.0456
where_do_you_currently_reside_Gadchiroli ,-0.0564,-0.0153,-0.0466,-0.0147,0.135,-0.0788,0.0804,-0.1456,0.1032,0.0228
where_do_you_currently_reside_Greater Noida ,0.0041,0.018,0.0359,0.0293,0.0048,-0.0091,0.0134,-0.0074,-0.0022,-0.0004
where_do_you_currently_reside_Gujarat ,-0.0484,-0.0009,-0.006,-0.0074,0.0268,0.0289,0.0042,0.007,-0.0242,0.0048
where_do_you_currently_reside_Gurchuk,-0.012,0.0181,0.0212,-0.0402,-0.0208,0.0232,-0.0084,-0.0366,-0.0278,0.0069
where_do_you_currently_reside_Gurgaon,-0.0439,0.0063,-0.0193,-0.0182,0.0837,-0.0339,0.0107,0.052,-0.0041,-0.0173
"where_do_you_currently_reside_Gurugram, Haryana ",-0.0202,-0.0362,0.1222,0.291,0.0035,0.0709,0.0566,-0.0088,0.0602,0.0746
where_do_you_currently_reside_Guwahati,0.0003,-0.0328,-0.0527,-0.0067,-0.0789,-0.0371,-0.0463,0.0686,0.0658,-0.0071
where_do_you_currently_reside_Guwahati ,0.0037,0.005,0.0639,-0.0852,-0.034,0.0083,0.0407,-0.0444,0.1239,0.0703
where_do_you_currently_reside_Guwahati Assam ,0.0227,-0.0141,-0.0362,-0.0022,-0.0684,0.0044,-0.0108,-0.0348,0.0142,-0.0259
"where_do_you_currently_reside_Guwahati, Assam",0.018,-0.0067,0.005,-0.0219,-0.0918,-0.0029,0.0515,-0.0192,-0.019,0.0341
"where_do_you_currently_reside_Guwahati, Assam ",-0.0449,-0.0155,-0.0127,-0.0174,0.0227,0.0439,-0.0138,0.0157,0.0274,-0.0116
"where_do_you_currently_reside_Guwahati, assam ",-0.0245,0.0109,0.0338,-0.0122,-0.0081,0.021,0.0219,-0.0202,-0.0508,-0.0067
"where_do_you_currently_reside_Guwahati, hedayetpur P.D.chaliha road ",-0.0015,0.0264,-0.009,-0.0186,-0.0376,0.0198,-0.0973,-0.0766,-0.0463,0.0323
where_do_you_currently_reside_Haryana ,-0.0146,-0.007,-0.0023,-0.005,0.0732,-0.0562,0.0226,0.0554,-0.054,-0.0201
where_do_you_currently_reside_India,-0.013,-0.008,0.0088,0.0102,0.0072,-0.0112,0.0069,-0.0255,-0.0777,-0.0188
where_do_you_currently_reside_Jaipur ,0.1325,-0.1075,-0.1153,0.0148,0.1124,0.0726,-0.055,-0.0134,0.0362,0.0714
where_do_you_currently_reside_Jhagrapar ,-0.0156,-0.0093,-0.0357,-0.0162,-0.0037,0.0407,0.0639,-0.038,-0.0363,0.0081
where_do_you_currently_reside_Madhya Pradesh ,0.0772,-0.0714,-0.0258,0.057,0.0318,-0.0162,0.0017,0.0538,0.0465,-0.1069
"where_do_you_currently_reside_Mehrauli, New Delhi",-0.0115,-0.006,-0.0134,0.0083,0.0431,-0.0035,-0.0362,0.0056,-0.0058,-0.0315
where_do_you_currently_reside_Na,0.0034,0.0112,0.0349,-0.0546,-0.0198,0.0277,-0.0662,0.0068,0.0475,0.0316
where_do_you_currently_reside_New Delhi ,0.036,-0.007,0.0234,-0.0227,0.0224,-0.0134,-0.0154,0.0018,0.025,-0.0333
where_do_you_currently_reside_Pub Boragaon ,-0.016,-0.0096,-0.0097,-0.0271,0.0127,0.0091,-0.0274,0.0243,0.0544,-0.044
where_do_you_currently_reside_Pune,0.0071,-0.0008,0.0109,0.0068,0.0041,-0.0239,-0.0335,-0.0601,0.0074,0.0095
"where_do_you_currently_reside_Pune, Maharashtra ",-0.0523,-0.0023,-0.0227,0.0016,0.0405,-0.0116,0.0037,0.0364,0.0064,-0.0205
where_do_you_currently_reside_Ranchi (Due to University),-0.0346,-0.006,-0.0737,-0.0058,-0.0276,0.2454,0.0116,0.0474,0.0107,-0.0981
where_do_you_currently_reside_Rohini,-0.032,-0.0085,0.0337,0.0755,0.0233,0.0649,-0.0517,-0.0007,0.0268,0.0022
where_do_you_currently_reside_Rohini ,-0.0456,-0.0029,-0.0027,-0.0178,0.0509,-0.0022,-0.0349,0.0629,-0.0478,0.007
"where_do_you_currently_reside_Rohini sector 2,Delhi",0.0215,-0.003,-0.0016,0.0092,-0.0146,-0.031,-0.0161,0.0035,-0.0347,0.0108
"where_do_you_currently_reside_Santipur , Guwahati ",-0.0199,0.0067,0.0201,0.0012,-0.0288,-0.0288,-0.1023,-0.0134,0.0119,0.0133
"where_do_you_currently_reside_Santipur, Guwahati ",-0.0239,0.0132,-0.0167,-0.0164,-0.0189,0.0239,-0.0058,-0.001,-0.0482,0.0649
"where_do_you_currently_reside_Shillong, Meghalaya",0.0104,0.0554,0.0161,-0.0165,-0.0217,-0.0198,-0.0224,0.0977,-0.0493,0.0451
where_do_you_currently_reside_Siliguri,0.0307,-0.0283,-0.0517,0.0376,-0.0436,-0.0835,-0.0343,-0.0067,0.0962,-0.0247
where_do_you_currently_reside_Siliguri ,-0.0078,-0.0113,-0.0199,0.0126,-0.0311,-0.0797,-0.0308,0.0455,-0.0008,-0.0204
"where_do_you_currently_reside_Sonia Vihar, Delhi -110094",-0.0257,-0.0207,-0.0087,-0.01,0.0128,-0.0102,0.0057,0.006,-0.0445,0.0393
where_do_you_currently_reside_Tamil Nadu,0.0251,0.2464,-0.0789,0.0676,0.0298,-0.0201,0.0745,0.0342,0.0772,-0.0726
where_do_you_currently_reside_assam,-0.0219,0.0035,0.0326,-0.0407,-0.0123,0.0886,0.0016,0.0091,0.086,0.024
where_do_you_currently_reside_delhi,-0.039,-0.0053,-0.0288,-0.0383,0.0406,-0.0645,0.0575,0.126,0.045,-0.0056
where_do_you_currently_reside_guwahati,-0.0335,-0.0065,-0.003,-0.0309,0.0079,0.0442,0.0067,-0.001,0.0227,0.0292
please_specify_your_native_place_.,0.0731,-0.0239,0.0493,-0.0269,0.1041,0.0139,0.0395,-0.0065,-0.0918,-0.0423
please_specify_your_native_place_6 mile,0.0004,0.0013,0.0384,-0.0874,0.0187,0.0196,0.0885,-0.0774,0.1731,0.0568
please_specify_your_native_place_Aggyathuri assam,0.0004,0.0005,0.0067,0.0028,0.0032,-0.0231,-0.0402,0.0144,-0.0178,-0.0071
please_specify_your_native_place_Amingaon,0.0519,0.0116,0.0697,-0.0511,0.0035,-0.0081,0.0341,0.1447,0.0358,0.1822
please_specify_your_native_place_Assam,0.0437,0.0931,-0.0369,0.0455,-0.0345,-0.0662,-0.0167,0.0388,0.0249,-0.0712
please_specify_your_native_place_Assam ,0.0666,0.122,-0.0271,0.0523,0.0443,0.0169,0.0124,-0.0645,-0.0472,0.074
"please_specify_your_native_place_Ayodhya, Uttar Pradesh",-0.0257,-0.0207,-0.0087,-0.01,0.0128,-0.0102,0.0057,0.006,-0.0445,0.0393
please_specify_your_native_place_Barpeta,-0.0166,-0.0081,0.015,0.0122,-0.0367,0.0072,0.0147,0.0131,-0.0174,-0.0286
please_specify_your_native_place_Basistha ,-0.022,-0.0457,-0.0456,0.013,-0.0574,-0.069,0.1282,-0.0013,-0.0587,0.1267
please_specify_your_native_place_Bihar,-0.0026,0.0032,-0.0173,-0.0067,-0.0104,-0.0171,-0.019,-0.0524,0.0077,-0.0031
please_specify_your_native_place_Bihar ,0.0287,0.0052,0.0796,-0.0307,-0.0091,-0.0216,0.0265,-0.0533,-0.052,-0.0873
please_specify_your_native_place_Chandigarh,-0.0439,0.0063,-0.0193,-0.0182,0.0837,-0.0339,0.0107,0.052,-0.0041,-0.0173
please_specify_your_native_place_Changsari,0.0347,0.0129,0.0393,-0.0071,-0.0441,-0.0148,-0.0046,-0.048,0.0008,-0.0272
"please_specify_your_native_place_Changsari, North Guwahati ",-0.0025,0.0058,0.0425,0.0112,-0.0248,0.0023,-0.0033,-0.0182,0.003,-0.0471
please_specify_your_native_place_Delhi,-0.012,-0.0237,-0.0059,0.0003,0.049,0.005,0.0136,0.0164,-0.0301,-0.0051
please_specify_your_native_place_Delhi ,-0.0326,0.0077,0.0097,0.0099,0.0183,0.0002,-0.0148,-0.0035,0.0065,-0.0291
please_specify_your_native_place_Delhi NCR,0.0105,-0.0015,0.0482,0.039,0.0173,-0.0176,0.0189,0.0396,-0.0156,0.0041
please_specify_your_native_place_Dhemaji,0.0009,-0.0199,-0.0717,-0.0098,-0.0589,0.025,0.0755,-0.03,-0.0203,0.004
"please_specify_your_native_place_Dhubri, Assam ",-0.0239,0.0132,-0.0167,-0.0164,-0.0189,0.0239,-0.0058,-0.001,-0.0482,0.0649
please_specify_your_native_place_Fatashil ambari,-0.028,0.0045,0.0025,-0.0164,0.0004,0.005,-0.0547,0.0207,0.0422,-0.0234
please_specify_your_native_place_Gadchiroli ,-0.0564,-0.0153,-0.0466,-0.0147,0.135,-0.0788,0.0804,-0.1456,0.1032,0.0228
please_specify_your_native_place_Gurchuk,-0.012,0.0181,0.0212,-0.0402,-0.0208,0.0232,-0.0084,-0.0366,-0.0278,0.0069
"please_specify_your_native_place_Gurugram, Haryana",-0.0202,-0.0362,0.1222,0.291,0.0035,0.0709,0.0566,-0.0088,0.0602,0.0746
please_specify_your_native_place_Guwahati,0.0447,0.0087,0.0125,-0.0665,-0.0337,0.0174,-0.0697,0.0163,0.0354,0.0354
please_specify_your_native_place_Guwahati ,0.0159,0.001,-0.0074,-0.0174,-0.0482,0.0149,-0.0523,-0.0976,-0.0178,0.05
please_specify_your_native_place_Guwahati Assam ,0.0312,-0.0188,-0.0227,-0.0011,-0.0695,0.0067,-0.0081,-0.0256,0.0192,-0.0345
"please_specify_your_native_place_Guwahati, Assam",-0.029,-0.0165,-0.0325,-0.0181,-0.0787,0.0217,0.0364,-0.0012,-0.0103,0.0679
"please_specify_your_native_place_Guwahati, Assam ",-0.0245,0.0109,0.0338,-0.0122,-0.0081,0.021,0.0219,-0.0202,-0.0508,-0.0067
"please_specify_your_native_place_Guwahati, Hengerabari ",0.0362,-0.0081,0.096,-0.0771,-0.0108,0.0565,0.1345,-0.0221,-0.0469,-0.0984
please_specify_your_native_place_Hamirpur Uttar Pradesh ,-0.0016,-0.0056,-0.031,-0.0001,0.0022,0.0027,-0.0307,-0.0099,-0.0236,0.0208
please_specify_your_native_place_Haryana ,-0.0329,-0.0104,-0.003,-0.0051,0.0625,-0.0475,0.0135,0.0585,-0.0418,-0.0178
please_specify_your_native_place_Howrah,-0.0371,-0.0017,-0.0229,-0.0072,-0.0005,0.0222,-0.0255,0.0437,-0.0128,-0.0429
please_specify_your_native_place_Hyderabad ,-0.0456,-0.0029,-0.0027,-0.0178,0.0509,-0.0022,-0.0349,0.0629,-0.0478,0.007
please_specify_your_native_place_India,0.0291,-0.0187,0.0171,0.0176,0.0169,-0.0304,-0.0278,-0.0173,0.017,-0.0408
please_specify_your_native_place_Jabalpur ,0.0772,-0.0714,-0.0258,0.057,0.0318,-0.0162,0.0017,0.0538,0.0465,-0.1069
please_specify_your_native_place_Kanpur ,0.0079,0.0232,-0.0027,-0.0103,-0.0179,0.0148,-0.0329,-0.0567,-0.0256,0.0131
"please_specify_your_native_place_Kanpur, Uttar Pradesh",-0.0382,-0.0069,-0.0072,-0.005,0.028,0.0154,-0.0019,-0.0226,-0.042,0.0262
please_specify_your_native_place_Kaushambi UP,-0.0272,-0.0105,0.0064,0.009,0.0371,-0.0059,-0.0207,0.0216,-0.0412,0.0051
please_specify_your_native_place_Kerala,-0.0419,-0.012,-0.0226,0.0119,0.0798,-0.0204,-0.0392,-0.0238,-0.0527,-0.0048
please_specify_your_native_place_Kolkata,0.0081,-0.0621,-0.0784,0.0159,-0.0487,0.0135,0.1196,-0.003,-0.0049,-0.0609
please_specify_your_native_place_Kolkata (Home),-0.0346,-0.006,-0.0737,-0.0058,-0.0276,0.2454,0.0116,0.0474,0.0107,-0.0981
please_specify_your_native_place_Ludhiana punjab,-0.039,-0.0053,-0.0288,-0.0383,0.0406,-0.0645,0.0575,0.126,0.045,-0.0056
please_specify_your_native_place_Maligaon,-0.0132,-0.0089,0.0096,-0.0145,0.0411,-0.0028,0.0408,-0.0141,-0.0251,0.0307
please_specify_your_native_place_Maligaon ,0.0101,0.0093,0.0584,-0.0387,-0.0247,0.0492,0.0135,-0.0036,0.0822,0.0026
"please_specify_your_native_place_Mangaldai, Assam",0.0103,-0.0016,0.053,0.0117,-0.0445,-0.0024,0.0368,0.0301,0.015,-0.0105
"please_specify_your_native_place_Mangaldoi,Darrang",-0.0143,0.0064,0.0255,-0.0438,0.013,0.0118,-0.0346,0.0387,0.0537,0.0183
please_specify_your_native_place_Near WTP malviya nagar ,0.1325,-0.1075,-0.1153,0.0148,0.1124,0.0726,-0.055,-0.0134,0.0362,0.0714
please_specify_your_native_place_New Ashok Nagar,0.036,-0.007,0.0234,-0.0227,0.0224,-0.0134,-0.0154,0.0018,0.025,-0.0333
please_specify_your_native_place_North ghy ,-0.0151,0.004,0.0426,0.0189,0.0003,-0.0489,0.0308,-0.0361,0.0082,-0.0308
please_specify_your_native_place_Pub Boragaon ,-0.0433,-0.0178,-0.0159,-0.0316,0.0251,0.0376,-0.0293,0.0285,0.0581,-0.0395
"please_specify_your_native_place_Pune, Maharashtra ",-0.0353,-0.0114,-0.004,0.0276,-0.0027,-0.0403,0.0067,0.0437,-0.0415,-0.0287
"please_specify_your_native_place_Shillong, Meghalaya",0.0104,0.0554,0.0161,-0.0165,-0.0217,-0.0198,-0.0224,0.0977,-0.0493,0.0451
please_specify_your_native_place_Siliguri,0.0196,-0.0489,-0.0686,0.0465,-0.0827,-0.1177,-0.0277,0.0532,0.0886,-0.0345
please_specify_your_native_place_Tinsukia ,-0.0125,-0.0095,-0.0014,0.0023,-0.0215,0.008,-0.0084,0.0115,-0.0059,0.0618
please_specify_your_native_place_Udaipur ,-0.013,-0.008,0.0088,0.0102,0.0072,-0.0112,0.0069,-0.0255,-0.0777,-0.0188
please_specify_your_native_place_Uttrakhand ,-0.041,-0.0039,0.0303,0.0722,0.0285,0.0732,-0.069,-0.0,0.0116,-0.008
please_specify_your_native_place_Yamuna vihar ,0.0127,0.0035,0.014,-0.0241,-0.0376,-0.0274,0.0178,-0.0564,0.0083,-0.032
please_specify_your_native_place_assam,-0.0394,-0.0021,0.0211,-0.0509,-0.0031,0.0943,0.0059,0.0058,0.0772,0.0378
have_you_ever_heard_of_cases_where_men_were_sexually_abused_Yes,-0.1039,0.0385,-0.1146,0.1085,-0.0246,-0.0699,-0.0572,-0.0189,-0.1587,0.0415
if_yes_what_were_the_most_common_ones_you_ve_heard_of_in_india_select_all_that_apply_Harassment,0.0855,0.0256,-0.0803,-0.0018,0.0006,0.0166,-0.0865,-0.0767,-0.0615,0.0516
"if_yes_what_were_the_most_common_ones_you_ve_heard_of_in_india_select_all_that_apply_Harassment, Assault",-0.0341,0.0573,-0.0152,0.0451,-0.0124,0.0816,0.0684,0.0717,-0.0183,-0.0817
"if_yes_what_were_the_most_common_ones_you_ve_heard_of_in_india_select_all_that_apply_Harassment, Assault, Rape, domestic abuse",-0.0371,-0.0017,-0.0229,-0.0072,-0.0005,0.0222,-0.0255,0.0437,-0.0128,-0.0429
"if_yes_what_were_the_most_common_ones_you_ve_heard_of_in_india_select_all_that_apply_Harassment, Misconduct",-0.0225,-0.0036,-0.0186,-0.0007,-0.0849,-0.0112,-0.0586,-0.0288,0.0104,0.0782
"if_yes_what_were_the_most_common_ones_you_ve_heard_of_in_india_select_all_that_apply_Harassment, Misconduct, Assault",-0.0642,-0.0216,-0.0122,-0.0138,0.1069,-0.0191,0.0037,0.0655,-0.0628,0.0082
"if_yes_what_were_the_most_common_ones_you_ve_heard_of_in_india_select_all_that_apply_Harassment, Misconduct, Stalking",-0.046,-0.0048,-0.0,0.0064,0.0451,0.0147,-0.0079,0.0026,0.0081,-0.0234
"if_yes_what_were_the_most_common_ones_you_ve_heard_of_in_india_select_all_that_apply_Harassment, Misconduct, Stalking, Assault",-0.0431,-0.0018,0.0051,0.0132,0.0847,-0.1207,-0.0039,-0.1521,0.0696,-0.0149
"if_yes_what_were_the_most_common_ones_you_ve_heard_of_in_india_select_all_that_apply_Harassment, Misconduct, Stalking, Assault, ",-0.015,0.0134,0.0117,-0.0121,-0.0219,0.0018,-0.0043,-0.0356,0.0031,0.0162
"if_yes_what_were_the_most_common_ones_you_ve_heard_of_in_india_select_all_that_apply_Harassment, Stalking",0.0312,-0.0163,0.0394,-0.0672,0.0033,-0.0607,0.0364,0.2016,0.1096,0.0831
"if_yes_what_were_the_most_common_ones_you_ve_heard_of_in_india_select_all_that_apply_Harassment, Stalking, Assault",-0.0597,-0.0071,-0.0176,-0.0004,0.0393,-0.0158,0.0,0.0451,0.0012,-0.0182
if_yes_what_were_the_most_common_ones_you_ve_heard_of_in_india_select_all_that_apply_Misconduct,0.0064,-0.0247,0.0022,0.0028,-0.003,-0.0426,-0.0159,-0.0131,0.0289,-0.0897
"if_yes_what_were_the_most_common_ones_you_ve_heard_of_in_india_select_all_that_apply_Misconduct, ",-0.0084,0.0091,0.0647,-0.0564,-0.0263,0.0979,0.0107,0.0039,0.1195,0.0189
"if_yes_what_were_the_most_common_ones_you_ve_heard_of_in_india_select_all_that_apply_Misconduct, Assault",-0.0225,-0.0443,-0.0153,0.0081,-0.0897,-0.0578,0.0452,0.0349,-0.0929,0.0804
"if_yes_what_were_the_most_common_ones_you_ve_heard_of_in_india_select_all_that_apply_Misconduct, Stalking",0.0263,0.0082,-0.0502,0.0085,-0.1091,-0.0413,-0.0263,-0.0006,-0.0007,-0.0102
"if_yes_what_were_the_most_common_ones_you_ve_heard_of_in_india_select_all_that_apply_Misconduct, Stalking, Assault",-0.0371,-0.0317,0.1107,0.2604,0.0191,0.0965,0.0035,-0.0067,0.0618,0.0545
if_yes_what_were_the_most_common_ones_you_ve_heard_of_in_india_select_all_that_apply_Stalking,0.1025,-0.0082,0.1184,-0.0832,0.0587,0.0374,0.1044,-0.0462,-0.1148,-0.1018
where_did_you_learn_about_male_sexual_abuse_cases_select_all_that_apply_News Media,0.0312,-0.0639,-0.0775,0.0101,-0.0632,-0.002,0.0731,0.0136,-0.004,-0.0639
"where_did_you_learn_about_male_sexual_abuse_cases_select_all_that_apply_News Media, Personal Experience (Self or Someone Close)",0.0026,-0.0136,0.017,0.0372,-0.0444,-0.0451,0.0057,0.0251,-0.0649,-0.0198
"where_did_you_learn_about_male_sexual_abuse_cases_select_all_that_apply_News Media, Personal Experience (Self or Someone Close), Others",0.026,0.0027,0.0135,0.0017,0.0307,0.0051,-0.0407,-0.0042,-0.033,-0.0282
"where_did_you_learn_about_male_sexual_abuse_cases_select_all_that_apply_News Media, Social Media",0.0291,-0.0024,0.03,-0.0126,-0.0708,-0.0795,0.0106,0.1417,-0.0412,0.1285
"where_did_you_learn_about_male_sexual_abuse_cases_select_all_that_apply_News Media, Social Media, Movies/TV Shows",-0.0745,-0.0032,-0.0296,-0.0326,-0.0244,0.1162,-0.0158,0.0522,0.0201,-0.0516
"where_did_you_learn_about_male_sexual_abuse_cases_select_all_that_apply_News Media, Social Media, Movies/TV Shows, Others",0.1325,-0.1075,-0.1153,0.0148,0.1124,0.0726,-0.055,-0.0134,0.0362,0.0714
"where_did_you_learn_about_male_sexual_abuse_cases_select_all_that_apply_News Media, Social Media, Others",-0.0227,0.0129,0.0367,-0.0669,-0.0038,0.0259,-0.0906,0.0386,0.0836,0.0155
"where_did_you_learn_about_male_sexual_abuse_cases_select_all_that_apply_News Media, Social Media, Personal Experience (Self or Someone Close)",-0.0354,-0.0242,-0.0214,-0.019,-0.0363,-0.0034,0.0323,0.0002,-0.0295,0.0415
"where_did_you_learn_about_male_sexual_abuse_cases_select_all_that_apply_News Media, Social Media, Personal Experience (Self or Someone Close), Movies/TV Shows",-0.0816,-0.0161,-0.0108,-0.0135,0.1042,0.024,0.003,0.024,-0.096,0.0351
"where_did_you_learn_about_male_sexual_abuse_cases_select_all_that_apply_News Media, Social Media, Personal Experience (Self or Someone Close), Movies/TV Shows, Others",-0.0011,0.0098,-0.0108,0.019,0.0412,-0.0469,-0.0799,-0.1294,-0.0058,0.0545
"where_did_you_learn_about_male_sexual_abuse_cases_select_all_that_apply_News Media, Social Media, Personal Experience (Self or Someone Close), Others",-0.0564,-0.0153,-0.0466,-0.0147,0.135,-0.0788,0.0804,-0.1456,0.1032,0.0228
where_did_you_learn_about_male_sexual_abuse_cases_select_all_that_apply_Others,0.0372,-0.0008,0.1052,-0.0715,0.0196,0.003,0.0855,-0.0929,0.0014,-0.0622
where_did_you_learn_about_male_sexual_abuse_cases_select_all_that_apply_Personal Experience (Self or Someone Close),-0.0163,-0.0023,-0.012,-0.021,-0.0372,-0.0095,0.052,-0.0586,-0.0332,-0.0151
"where_did_you_learn_about_male_sexual_abuse_cases_select_all_that_apply_Personal Experience (Self or Someone Close), Movies/TV Shows",-0.039,-0.0053,-0.0288,-0.0383,0.0406,-0.0645,0.0575,0.126,0.045,-0.0056
where_did_you_learn_about_male_sexual_abuse_cases_select_all_that_apply_Social Media,0.0684,0.0655,-0.0215,0.0025,-0.0761,0.0073,-0.0823,-0.1283,-0.0688,0.0082
"where_did_you_learn_about_male_sexual_abuse_cases_select_all_that_apply_Social Media, Movies/TV Shows",-0.0055,-0.0535,0.0608,0.1479,-0.0018,0.0512,0.0063,0.0408,0.1437,-0.0228
"where_did_you_learn_about_male_sexual_abuse_cases_select_all_that_apply_Social Media, Personal Experience (Self or Someone Close)",-0.0438,0.1084,-0.0669,0.0246,0.1105,-0.0578,0.0167,0.0674,0.0139,-0.0854
"where_did_you_learn_about_male_sexual_abuse_cases_select_all_that_apply_Social Media, Personal Experience (Self or Someone Close), Movies/TV Shows",-0.0136,0.0163,0.0191,0.0046,-0.0262,-0.0559,-0.0931,-0.0245,0.0339,-0.0113
do_you_believe_male_sexual_abuse_is_a_prevalent_issue_in_india_Not Sure,0.072,-0.0781,0.0905,0.1232,-0.1066,-0.0201,0.0977,0.0105,-0.0051,-0.1119
do_you_believe_male_sexual_abuse_is_a_prevalent_issue_in_india_Yes,-0.0705,0.0785,-0.1068,-0.1161,0.092,0.023,-0.1042,0.0059,0.0354,0.1293
"who_do_you_think_are_the_most_common_perpetrators_of_sexual_abuse_against_men_select_all_that_apply_Authority figures (Teachers, Employers, Police, etc.), Others",0.0519,0.0116,0.0697,-0.0511,0.0035,-0.0081,0.0341,0.1447,0.0358,0.1822
"who_do_you_think_are_the_most_common_perpetrators_of_sexual_abuse_against_men_select_all_that_apply_Authority figures (Teachers, Employers, Police, etc.), Women in intimate relationships",0.0574,-0.0714,-0.0693,0.0381,0.0429,0.0447,-0.0491,0.0222,0.0053,0.0602
who_do_you_think_are_the_most_common_perpetrators_of_sexual_abuse_against_men_select_all_that_apply_Family members,-0.0281,-0.0157,-0.0177,-0.0181,-0.0161,0.0332,0.0299,-0.0003,0.0004,-0.0376
"who_do_you_think_are_the_most_common_perpetrators_of_sexual_abuse_against_men_select_all_that_apply_Family members, Authority figures (Teachers, Employers, Police, etc.)",-0.0154,0.0202,0.0312,0.0099,-0.0117,-0.0273,-0.0188,0.0455,-0.0991,0.0158
"who_do_you_think_are_the_most_common_perpetrators_of_sexual_abuse_against_men_select_all_that_apply_Family members, Authority figures (Teachers, Employers, Police, etc.), Women in intimate relationships",-0.1026,-0.0049,-0.0218,-0.0226,0.0503,0.0432,-0.0307,0.0457,0.0178,-0.0319
"who_do_you_think_are_the_most_common_perpetrators_of_sexual_abuse_against_men_select_all_that_apply_Family members, Friends/Acquaintances",0.0581,-0.0358,-0.0097,0.0297,0.0535,-0.0364,-0.0109,0.0824,-0.0011,-0.107
"who_do_you_think_are_the_most_common_perpetrators_of_sexual_abuse_against_men_select_all_that_apply_Family members, Friends/Acquaintances, Authority figures (Teachers, Employers, Police, etc.)",-0.0151,0.004,0.0426,0.0189,0.0003,-0.0489,0.0308,-0.0361,0.0082,-0.0308
"who_do_you_think_are_the_most_common_perpetrators_of_sexual_abuse_against_men_select_all_that_apply_Family members, Friends/Acquaintances, Authority figures (Teachers, Employers, Police, etc.), Women in intimate relationships",-0.0449,-0.0155,-0.0127,-0.0174,0.0227,0.0439,-0.0138,0.0157,0.0274,-0.0116
"who_do_you_think_are_the_most_common_perpetrators_of_sexual_abuse_against_men_select_all_that_apply_Family members, Friends/Acquaintances, Authority figures (Teachers, Employers, Police, etc.), Women in intimate relationships, Others",-0.0564,-0.0153,-0.0466,-0.0147,0.135,-0.0788,0.0804,-0.1456,0.1032,0.0228
"who_do_you_think_are_the_most_common_perpetrators_of_sexual_abuse_against_men_select_all_that_apply_Family members, Friends/Acquaintances, Strangers",0.0064,-0.002,-0.022,-0.0142,-0.0371,-0.0142,-0.0139,0.0023,0.0186,0.0118
"who_do_you_think_are_the_most_common_perpetrators_of_sexual_abuse_against_men_select_all_that_apply_Family members, Friends/Acquaintances, Strangers, Authority figures (Teachers, Employers, Police, etc.)",-0.0346,-0.006,-0.0737,-0.0058,-0.0276,0.2454,0.0116,0.0474,0.0107,-0.0981
"who_do_you_think_are_the_most_common_perpetrators_of_sexual_abuse_against_men_select_all_that_apply_Family members, Friends/Acquaintances, Strangers, Authority figures (Teachers, Employers, Police, etc.), Women in intimate relationships",-0.0054,-0.01,0.0523,-0.0238,0.0593,0.0078,0.0759,-0.0263,0.0588,0.0453
"who_do_you_think_are_the_most_common_perpetrators_of_sexual_abuse_against_men_select_all_that_apply_Family members, Friends/Acquaintances, Strangers, Others",-0.031,-0.008,-0.0026,0.0127,0.0546,-0.0632,-0.0575,-0.0709,-0.0019,-0.0048
"who_do_you_think_are_the_most_common_perpetrators_of_sexual_abuse_against_men_select_all_that_apply_Family members, Strangers",-0.0336,-0.021,-0.0317,0.0019,0.0085,-0.1012,0.0172,0.0597,-0.0289,-0.0274
"who_do_you_think_are_the_most_common_perpetrators_of_sexual_abuse_against_men_select_all_that_apply_Family members, Strangers, Authority figures (Teachers, Employers, Police, etc.)",-0.0258,0.003,0.0021,-0.0379,-0.0543,0.0807,0.0002,0.017,0.0736,0.0351
"who_do_you_think_are_the_most_common_perpetrators_of_sexual_abuse_against_men_select_all_that_apply_Family members, Strangers, Authority figures (Teachers, Employers, Police, etc.), Women in intimate relationships",-0.0202,-0.0362,0.1222,0.291,0.0035,0.0709,0.0566,-0.0088,0.0602,0.0746
"who_do_you_think_are_the_most_common_perpetrators_of_sexual_abuse_against_men_select_all_that_apply_Family members, Strangers, Authority figures (Teachers, Employers, Police, etc.), Women in intimate relationships, Others",-0.0382,-0.0069,-0.0072,-0.005,0.028,0.0154,-0.0019,-0.0226,-0.042,0.0262
"who_do_you_think_are_the_most_common_perpetrators_of_sexual_abuse_against_men_select_all_that_apply_Family members, Strangers, Women in intimate relationships",-0.0589,0.0007,-0.0342,-0.0402,0.0883,-0.0699,0.0484,0.1265,0.029,-0.0163
"who_do_you_think_are_the_most_common_perpetrators_of_sexual_abuse_against_men_select_all_that_apply_Family members, Women in intimate relationships",-0.0071,0.01,0.0418,0.0289,-0.0211,-0.0088,-0.0011,-0.0268,-0.0711,-0.004
who_do_you_think_are_the_most_common_perpetrators_of_sexual_abuse_against_men_select_all_that_apply_Friends/Acquaintances,0.017,-0.0155,-0.0656,-0.0103,-0.0466,-0.0014,0.0552,-0.0271,-0.031,-0.0208
"who_do_you_think_are_the_most_common_perpetrators_of_sexual_abuse_against_men_select_all_that_apply_Friends/Acquaintances, Authority figures (Teachers, Employers, Police, etc.), Women in intimate relationships",-0.041,-0.0039,0.0303,0.0722,0.0285,0.0732,-0.069,-0.0,0.0116,-0.008
"who_do_you_think_are_the_most_common_perpetrators_of_sexual_abuse_against_men_select_all_that_apply_Friends/Acquaintances, Others",-0.0009,-0.005,-0.0042,0.0062,-0.0106,-0.0099,-0.0538,-0.0556,0.0146,0.0509
"who_do_you_think_are_the_most_common_perpetrators_of_sexual_abuse_against_men_select_all_that_apply_Friends/Acquaintances, Strangers",0.0552,0.1021,0.0002,0.0276,-0.0331,-0.0592,-0.019,-0.0778,0.0819,-0.0654
"who_do_you_think_are_the_most_common_perpetrators_of_sexual_abuse_against_men_select_all_that_apply_Friends/Acquaintances, Strangers, Authority figures (Teachers, Employers, Police, etc.)",-0.017,0.0055,-0.0244,-0.0267,-0.0092,-0.0056,-0.0559,0.0863,-0.0293,0.0243
"who_do_you_think_are_the_most_common_perpetrators_of_sexual_abuse_against_men_select_all_that_apply_Friends/Acquaintances, Strangers, Authority figures (Teachers, Employers, Police, etc.), Women in intimate relationships",-0.0311,-0.0353,-0.0365,-0.0129,-0.0067,-0.0043,0.0399,-0.0058,-0.0436,0.0675
"who_do_you_think_are_the_most_common_perpetrators_of_sexual_abuse_against_men_select_all_that_apply_Friends/Acquaintances, Strangers, Women in intimate relationships",-0.022,-0.0457,-0.0456,0.013,-0.0574,-0.069,0.1282,-0.0013,-0.0587,0.1267
"who_do_you_think_are_the_most_common_perpetrators_of_sexual_abuse_against_men_select_all_that_apply_Friends/Acquaintances, Women in intimate relationships",-0.0196,0.0103,0.0416,-0.0371,-0.0566,0.0041,-0.0905,-0.0055,0.0238,0.0469
"who_do_you_think_are_the_most_common_perpetrators_of_sexual_abuse_against_men_select_all_that_apply_Friends/Acquaintances, Women in intimate relationships, Others",0.0024,-0.0006,0.0211,0.0261,-0.0168,-0.0466,0.0292,0.0086,-0.0211,-0.0175
who_do_you_think_are_the_most_common_perpetrators_of_sexual_abuse_against_men_select_all_that_apply_Others,0.033,-0.0002,0.1209,-0.0607,-0.0467,0.0602,0.1077,0.0026,0.0293,-0.062
who_do_you_think_are_the_most_common_perpetrators_of_sexual_abuse_against_men_select_all_that_apply_Strangers,0.0604,0.0689,-0.0757,-0.0012,-0.0485,0.037,-0.0688,-0.0964,-0.084,0.07
"who_do_you_think_are_the_most_common_perpetrators_of_sexual_abuse_against_men_select_all_that_apply_Strangers, Authority figures (Teachers, Employers, Police, etc.)",0.0575,-0.0051,0.0459,-0.0245,0.0019,-0.0458,-0.0078,0.0596,0.0103,0.0087
"who_do_you_think_are_the_most_common_perpetrators_of_sexual_abuse_against_men_select_all_that_apply_Strangers, Authority figures (Teachers, Employers, Police, etc.), Women in intimate relationships",-0.0319,0.0028,0.0053,-0.0318,0.0121,0.0196,0.0063,-0.0251,-0.037,0.0132
"who_do_you_think_are_the_most_common_perpetrators_of_sexual_abuse_against_men_select_all_that_apply_Strangers, Women in intimate relationships",0.0235,-0.0264,0.0091,-0.0212,-0.0558,-0.0048,0.0948,-0.0318,-0.0171,-0.075
"who_do_you_think_are_the_most_common_perpetrators_of_sexual_abuse_against_men_select_all_that_apply_Strangers, Women in intimate relationships, Others",0.0102,0.0134,0.0134,-0.0361,-0.0227,0.0063,-0.0229,-0.0152,0.0591,0.0091
who_do_you_think_are_the_most_common_perpetrators_of_sexual_abuse_against_men_select_all_that_apply_Women in intimate relationships,0.0698,-0.0139,0.0347,0.0029,0.0369,-0.0045,-0.0405,-0.0161,-0.0347,-0.0486
men_who_report_sexual_abuse_are_not_taken_seriously_Disagree,0.0593,-0.0041,0.0662,-0.0436,0.0173,-0.0335,0.0052,0.0803,0.0492,0.0015
men_who_report_sexual_abuse_are_not_taken_seriously_Neutral,0.137,-0.0432,0.0152,-0.0481,0.0451,0.032,-0.0259,-0.0973,0.0893,0.028
men_who_report_sexual_abuse_are_not_taken_seriously_Strongly agree,-0.1421,-0.0541,-0.1162,-0.0267,0.001,0.0621,0.063,0.079,-0.0684,0.0247
men_who_report_sexual_abuse_are_not_taken_seriously_Strongly disagree,0.0748,0.2898,-0.1061,0.0812,0.0527,0.0181,0.0768,0.0188,0.015,0.0051
fear_of_social_judgment_stops_male_victims_from_coming_forward_Neutral,0.1845,-0.0556,0.0947,-0.0863,0.0782,0.0423,0.0567,0.0361,-0.0477,0.0062
fear_of_social_judgment_stops_male_victims_from_coming_forward_Strongly agree,-0.1567,-0.0395,-0.065,0.0165,0.0472,-0.0469,0.0478,0.0166,-0.0164,0.0773
fear_of_social_judgment_stops_male_victims_from_coming_forward_Strongly disagree,0.0748,0.2898,-0.1061,0.0812,0.0527,0.0181,0.0768,0.0188,0.015,0.0051
sexual_abuse_against_men_is_as_serious_as_sexual_abuse_against_women_Disagree,-0.0187,0.006,0.0615,0.024,0.0357,-0.0938,-0.0535,-0.0752,0.0035,-0.0809
sexual_abuse_against_men_is_as_serious_as_sexual_abuse_against_women_Neutral,0.1854,-0.0847,0.0108,-0.0201,0.1416,-0.0191,0.0023,0.0874,0.0018,0.0264
sexual_abuse_against_men_is_as_serious_as_sexual_abuse_against_women_Strongly agree,-0.1629,-0.0487,-0.0946,-0.0932,-0.0279,0.09,0.0714,-0.0012,0.0295,0.0359
sexual_abuse_against_men_is_as_serious_as_sexual_abuse_against_women_Strongly disagree,0.0748,0.2898,-0.1061,0.0812,0.0527,0.0181,0.0768,0.0188,0.015,0.0051
men_can_protect_themselves_better_than_women_from_sexual_abuse_so_it_s_less_of_a_problem_Disagree,-0.1025,0.0431,0.0407,-0.0577,-0.0303,0.1322,-0.1249,-0.0328,-0.0172,-0.0241
men_can_protect_themselves_better_than_women_from_sexual_abuse_so_it_s_less_of_a_problem_Neutral,0.1152,-0.0578,0.0378,0.1081,0.0868,-0.0342,0.0498,0.0557,-0.0671,0.1046
men_can_protect_themselves_better_than_women_from_sexual_abuse_so_it_s_less_of_a_problem_Strongly agree,0.0151,-0.0504,-0.0456,-0.0442,-0.062,0.0688,0.1996,-0.0472,-0.055,-0.0746
men_can_protect_themselves_better_than_women_from_sexual_abuse_so_it_s_less_of_a_problem_Strongly disagree,-0.0203,0.0482,-0.1097,-0.0175,-0.043,-0.1272,0.0244,0.0276,0.1892,-0.017
the_media_does_not_give_enough_attention_to_male_sexual_abuse_cases_Disagree,0.0461,0.0121,0.006,-0.0145,-0.0856,-0.0186,-0.0085,-0.0819,-0.0056,-0.0343
the_media_does_not_give_enough_attention_to_male_sexual_abuse_cases_Neutral,0.1611,-0.1101,-0.0519,0.004,0.0753,-0.0149,-0.0219,0.0424,0.0759,-0.0816
the_media_does_not_give_enough_attention_to_male_sexual_abuse_cases_Strongly agree,-0.179,-0.0543,-0.0306,-0.0122,0.0854,-0.0147,0.1097,-0.023,-0.0195,0.1117
the_media_does_not_give_enough_attention_to_male_sexual_abuse_cases_Strongly disagree,0.0251,0.2464,-0.0789,0.0676,0.0298,-0.0201,0.0745,0.0342,0.0772,-0.0726
are_you_aware_of_any_legal_protections_for_male_victims_in_india_Not sure,0.0503,-0.0796,-0.063,-0.0165,-0.057,-0.0147,0.0433,-0.0222,0.1347,0.1035
are_you_aware_of_any_legal_protections_for_male_victims_in_india_Yes,0.0239,0.0409,0.0123,-0.0483,0.0335,-0.0092,-0.0119,0.0943,-0.1614,0.0213
current_indian_laws_on_sexual_crimes_are_biased_towards_women_and_ignore_male_victims_Disagree,0.0921,0.1364,-0.03,0.0019,0.0343,0.0375,0.0102,0.0186,-0.0861,0.0934
current_indian_laws_on_sexual_crimes_are_biased_towards_women_and_ignore_male_victims_Neutral,0.0908,-0.0642,0.0517,0.006,-0.0164,-0.0941,-0.0452,0.0804,0.0163,-0.0712
current_indian_laws_on_sexual_crimes_are_biased_towards_women_and_ignore_male_victims_Strongly agree,-0.1125,-0.0682,-0.0787,-0.0564,0.0605,-0.006,0.2223,-0.0389,-0.0229,0.012
current_indian_laws_on_sexual_crimes_are_biased_towards_women_and_ignore_male_victims_Strongly disagree,0.0104,0.2028,-0.0598,0.0559,0.0447,-0.0293,0.035,0.0337,0.0681,-0.0952
do_you_believe_india_should_introduce_gender_neutral_sexual_abuse_laws_Not sure,0.1555,-0.0055,-0.0654,0.0353,0.1655,0.0638,0.0026,-0.0314,-0.0742,0.0273
do_you_believe_india_should_introduce_gender_neutral_sexual_abuse_laws_Yes,-0.1694,0.0214,0.0616,-0.0243,-0.1673,-0.0771,-0.0101,0.0388,0.0878,-0.0181
"what_challenges_do_you_think_prevent_male_victims_of_sexual_abuse_from_getting_justice_select_all_that_apply_Fear of being mocked or disbelieved, ",0.0301,0.0297,-0.0118,0.0137,0.0268,-0.0075,-0.0257,-0.0954,-0.0227,0.0474
what_challenges_do_you_think_prevent_male_victims_of_sexual_abuse_from_getting_justice_select_all_that_apply_Lack of legal protection,0.0699,-0.0365,-0.0892,0.0043,0.0044,0.0307,-0.0917,-0.0937,-0.0039,0.0642
"what_challenges_do_you_think_prevent_male_victims_of_sexual_abuse_from_getting_justice_select_all_that_apply_Lack of legal protection, Fear of being mocked or disbelieved",0.0034,0.0061,0.0239,-0.0305,0.0028,-0.0226,-0.0475,0.0803,-0.001,-0.0034
"what_challenges_do_you_think_prevent_male_victims_of_sexual_abuse_from_getting_justice_select_all_that_apply_Lack of legal protection, Police refusing to file cases, Fear of being mocked or disbelieved",-0.0199,0.0067,0.0201,0.0012,-0.0288,-0.0288,-0.1023,-0.0134,0.0119,0.0133
"what_challenges_do_you_think_prevent_male_victims_of_sexual_abuse_from_getting_justice_select_all_that_apply_Lack of legal protection, Police refusing to file cases, Social stigma & shame",0.0169,-0.0156,-0.065,0.0269,-0.1053,-0.0191,0.0494,-0.0042,-0.0473,-0.0148
"what_challenges_do_you_think_prevent_male_victims_of_sexual_abuse_from_getting_justice_select_all_that_apply_Lack of legal protection, Police refusing to file cases, Social stigma & shame, Fear of being mocked or disbelieved",-0.1596,-0.0814,-0.0413,0.0806,0.0642,0.1174,0.0821,-0.0162,-0.0353,0.0449
"what_challenges_do_you_think_prevent_male_victims_of_sexual_abuse_from_getting_justice_select_all_that_apply_Lack of legal protection, Police refusing to file cases, Social stigma & shame, Fear of being mocked or disbelieved, The media too does not play an active role in discussing these issues.",-0.0172,-0.0001,0.0165,-0.0103,-0.0486,0.0081,0.0133,-0.0027,-0.0186,0.0355
"what_challenges_do_you_think_prevent_male_victims_of_sexual_abuse_from_getting_justice_select_all_that_apply_Lack of legal protection, Social stigma & shame",0.0106,-0.0083,-0.0024,-0.0475,-0.0509,0.0017,-0.0757,0.0473,0.0425,0.0307
"what_challenges_do_you_think_prevent_male_victims_of_sexual_abuse_from_getting_justice_select_all_that_apply_Lack of legal protection, Social stigma & shame, Fear of being mocked or disbelieved",-0.0143,0.1007,-0.016,-0.0236,-0.0539,-0.0132,0.0113,-0.0308,0.1082,-0.0348
what_challenges_do_you_think_prevent_male_victims_of_sexual_abuse_from_getting_justice_select_all_that_apply_Police refusing to file cases,0.0829,-0.0134,0.1007,-0.0622,0.0634,0.0245,0.0525,-0.0285,-0.0828,-0.113
"what_challenges_do_you_think_prevent_male_victims_of_sexual_abuse_from_getting_justice_select_all_that_apply_Police refusing to file cases, Social stigma & shame",0.0544,0.0084,0.1023,-0.0268,0.0097,-0.0378,0.0341,0.0173,0.005,-0.0444
"what_challenges_do_you_think_prevent_male_victims_of_sexual_abuse_from_getting_justice_select_all_that_apply_Police refusing to file cases, Social stigma & shame, Fear of being mocked or disbelieved",-0.0454,-0.0037,0.0228,-0.0049,0.0632,-0.1046,0.05,0.1107,-0.0342,-0.0307
what_challenges_do_you_think_prevent_male_victims_of_sexual_abuse_from_getting_justice_select_all_that_apply_Social stigma & shame,0.1093,0.0912,0.024,-0.0007,0.0357,0.0226,0.0248,0.1115,-0.041,0.1484
"what_challenges_do_you_think_prevent_male_victims_of_sexual_abuse_from_getting_justice_select_all_that_apply_Social stigma & shame, Fear of being mocked or disbelieved",0.0033,0.0059,-0.007,-0.0129,-0.0576,-0.089,-0.0692,-0.0422,0.0573,-0.0609
police_take_sexual_abuse_complaints_from_men_as_seriously_as_they_do_for_women_Disagree,-0.0748,-0.0666,0.0081,0.1461,-0.0748,-0.0858,-0.0993,0.0548,-0.0479,-0.0393
police_take_sexual_abuse_complaints_from_men_as_seriously_as_they_do_for_women_Neutral,0.1255,0.0337,0.0794,-0.1498,0.004,0.0889,0.0121,0.0253,0.1329,0.0804
police_take_sexual_abuse_complaints_from_men_as_seriously_as_they_do_for_women_Strongly agree,-0.0015,0.0264,-0.009,-0.0186,-0.0376,0.0198,-0.0973,-0.0766,-0.0463,0.0323
police_take_sexual_abuse_complaints_from_men_as_seriously_as_they_do_for_women_Strongly disagree,-0.0904,0.0384,-0.1109,-0.0058,0.0829,0.018,0.1438,-0.0183,-0.0039,-0.0308
"what_legal_reforms_do_you_think_are_needed_to_support_male_survivors_

 Gender-neutral laws for sexual offences.
",0.0298,0.0005,0.0734,-0.0317,-0.0055,-0.0222,0.0399,-0.0433,-0.0384,-0.0772
"what_legal_reforms_do_you_think_are_needed_to_support_male_survivors_
1. Gender-Neutral Laws – Many legal definitions of sexual violence and domestic abuse are framed around female victims. Laws should be gender-neutral to acknowledge that men can also be victims.
2. Improved Reporting and Investigation Procedures – Male survivors often face stigma when reporting crimes. Law enforcement and legal systems should undergo training to handle male victim cases without bias or disbelief.
3. Access to Support Services – Government funding should be allocated to shelters, counseling, and legal aid specifically for male survivors, similar to what exists for female survivors.
4. Stronger Protection Against False Accusations – While false accusations are rare, men accused of crimes like domestic violence or sexual assault often face severe consequences. Legal processes should ensure fair investigations before taking punitive actions
5. Equal Parental Rights in Family Courts – Family courts often favor mothers in custody cases, assuming men are perpetrators rather than victims of domestic abuse. Legal reforms should ensure fair treatment of fathers, especially those who are survivors of abuse.
6. Prison Reform – Male prisoners are at high risk of sexual violence, yet laws protecting them are often weakly enforced. Stronger measures should be in place to prevent and address sexual violence in prisons.
7. Education and Awareness Campaigns – Laws alone aren’t enough. Public campaigns should challenge societal stereotypes that men cannot be victims and encourage male survivors to seek justice without shame.",0.1325,-0.1075,-0.1153,0.0148,0.1124,0.0726,-0.055,-0.0134,0.0362,0.0714
"what_legal_reforms_do_you_think_are_needed_to_support_male_survivors_**Legal reforms needed to support male survivors (in short):**

1. **Gender-neutral laws** for sexual and domestic violence.
2. **Equal access** to survivor support services.
3. **Trauma-informed training** for police and judiciary.
4. **Confidentiality protections** to reduce stigma.
5. **Extended reporting time** for abuse cases.
6. **Improved prison protections** for male victims.
7. **Fair treatment** in family and custody law.
8. **Awareness campaigns** to challenge bias and encourage reporting.",0.0127,0.0035,0.014,-0.0241,-0.0376,-0.0274,0.0178,-0.0564,0.0083,-0.032
what_legal_reforms_do_you_think_are_needed_to_support_male_survivors_.,0.0411,-0.02,0.0625,-0.0014,0.0947,-0.0038,0.0578,0.011,-0.0772,-0.0044
"what_legal_reforms_do_you_think_are_needed_to_support_male_survivors_1. Keep survivors names and stories private.
2. Have clear rules for reporting and investigating crimes.
3. Provide help and support for survivors.
4. Make laws stronger to stop abuse and punish offenders.
5. Educate people about the issue.
6. Stop unfair treatment and negative attitudes towards survivors.
",-0.0049,0.0023,-0.0302,-0.0022,-0.0196,-0.0019,-0.0071,-0.0236,-0.0027,0.004
"what_legal_reforms_do_you_think_are_needed_to_support_male_survivors_1. Policy changes 
2. Gender Neutral Laws 
3. Awareness in Law enforcement agencies ",-0.0523,-0.0023,-0.0227,0.0016,0.0405,-0.0116,0.0037,0.0364,0.0064,-0.0205
"what_legal_reforms_do_you_think_are_needed_to_support_male_survivors_1.Access to legal protections and support 
2.confidentiality and privacy protections
3.Reducing social and cultural stigma
4.expanding support services ",-0.0318,-0.0076,-0.002,-0.0022,0.0148,-0.0106,-0.0036,0.027,-0.0048,-0.005
what_legal_reforms_do_you_think_are_needed_to_support_male_survivors_According to modern period changes,0.0291,-0.0187,0.0171,0.0176,0.0169,-0.0304,-0.0278,-0.0173,0.017,-0.0408
what_legal_reforms_do_you_think_are_needed_to_support_male_survivors_All the initially created laws were for the benefit for both men and women. Whatever changes were made by amendments and enactment of new laws that favour for both men and women.,-0.0151,0.004,0.0426,0.0189,0.0003,-0.0489,0.0308,-0.0361,0.0082,-0.0308
what_legal_reforms_do_you_think_are_needed_to_support_male_survivors_Assailant should be should be sentenced death penalty ,0.0192,0.0052,0.0193,-0.014,-0.0318,0.0142,-0.0128,-0.0357,0.0181,-0.018
what_legal_reforms_do_you_think_are_needed_to_support_male_survivors_Awareness and emotional support. ,0.063,0.0154,0.0145,-0.0283,0.028,0.0256,-0.0081,-0.0192,-0.0493,0.0173
what_legal_reforms_do_you_think_are_needed_to_support_male_survivors_Being aware,0.0065,-0.0189,-0.0177,0.0326,-0.0292,-0.0018,-0.0139,0.0179,-0.0142,-0.0083
what_legal_reforms_do_you_think_are_needed_to_support_male_survivors_Better laws for empowering women,0.0255,0.0068,-0.0568,0.0187,-0.0773,-0.0126,0.0036,-0.0024,0.0041,-0.0096
"what_legal_reforms_do_you_think_are_needed_to_support_male_survivors_Breaking social stigma, social sensitization",-0.0135,-0.0047,-0.0022,0.0254,0.0228,0.0093,-0.0196,0.0278,-0.0056,-0.0063
"what_legal_reforms_do_you_think_are_needed_to_support_male_survivors_Campaign, programs ",0.0041,0.018,0.0359,0.0293,0.0048,-0.0091,0.0134,-0.0074,-0.0022,-0.0004
what_legal_reforms_do_you_think_are_needed_to_support_male_survivors_Can be more efficient towards the situation of that particular individual,0.0034,0.0112,0.0349,-0.0546,-0.0198,0.0277,-0.0662,0.0068,0.0475,0.0316
what_legal_reforms_do_you_think_are_needed_to_support_male_survivors_Don't know ,0.0101,0.0093,0.0584,-0.0387,-0.0247,0.0492,0.0135,-0.0036,0.0822,0.0026
what_legal_reforms_do_you_think_are_needed_to_support_male_survivors_Dont know,0.0301,0.0297,-0.0118,0.0137,0.0268,-0.0075,-0.0257,-0.0954,-0.0227,0.0474
what_legal_reforms_do_you_think_are_needed_to_support_male_survivors_Equal law and order should be implement for both men and women against sexual abuse ,-0.015,0.0134,0.0117,-0.0121,-0.0219,0.0018,-0.0043,-0.0356,0.0031,0.0162
what_legal_reforms_do_you_think_are_needed_to_support_male_survivors_Equal laws and rights against sexual abuse for males should be stringent in India. ,-0.0245,0.0109,0.0338,-0.0122,-0.0081,0.021,0.0219,-0.0202,-0.0508,-0.0067
what_legal_reforms_do_you_think_are_needed_to_support_male_survivors_Gender Neutral Anti Abuse Laws,-0.0346,-0.006,-0.0737,-0.0058,-0.0276,0.2454,0.0116,0.0474,0.0107,-0.0981
what_legal_reforms_do_you_think_are_needed_to_support_male_survivors_Gender Neutral Law,0.0004,0.0013,0.0384,-0.0874,0.0187,0.0196,0.0885,-0.0774,0.1731,0.0568
what_legal_reforms_do_you_think_are_needed_to_support_male_survivors_Gender inclusive legal definitions,0.0106,-0.0443,-0.0461,0.0296,-0.0671,-0.0387,0.0176,0.0524,0.0566,-0.0141
what_legal_reforms_do_you_think_are_needed_to_support_male_survivors_Gender neutral justice ,-0.0025,0.0058,0.0425,0.0112,-0.0248,0.0023,-0.0033,-0.0182,0.003,-0.0471
what_legal_reforms_do_you_think_are_needed_to_support_male_survivors_Gender neutral laws,-0.0017,-0.0287,-0.0411,-0.0177,-0.0423,-0.0403,0.0293,0.0765,0.0201,-0.0325
"what_legal_reforms_do_you_think_are_needed_to_support_male_survivors_Gender neutral laws , awareness programs etc ",-0.0449,-0.0155,-0.0127,-0.0174,0.0227,0.0439,-0.0138,0.0157,0.0274,-0.0116
what_legal_reforms_do_you_think_are_needed_to_support_male_survivors_Gender neutral laws can help and proper investigation should be emphasised irrespective of the gender of the victim.,-0.0084,-0.0106,0.0069,0.016,0.0398,0.0163,0.0015,0.0001,-0.0164,-0.0023
what_legal_reforms_do_you_think_are_needed_to_support_male_survivors_Gender neutral laws should be framed and implemented all over the country and campaigns along with initiatives shall be launched to curb incidents like these.,-0.0172,-0.0001,0.0165,-0.0103,-0.0486,0.0081,0.0133,-0.0027,-0.0186,0.0355
what_legal_reforms_do_you_think_are_needed_to_support_male_survivors_Gender neutral laws with equivalent punishments,-0.032,-0.0085,0.0337,0.0755,0.0233,0.0649,-0.0517,-0.0007,0.0268,0.0022
"what_legal_reforms_do_you_think_are_needed_to_support_male_survivors_Gender neutral laws, awareness regarding male abuse",-0.0371,-0.0017,-0.0229,-0.0072,-0.0005,0.0222,-0.0255,0.0437,-0.0128,-0.0429
"what_legal_reforms_do_you_think_are_needed_to_support_male_survivors_Gender neutral laws, social services and awareness programs.",0.0021,0.0089,0.0099,0.0208,0.001,-0.0289,-0.0382,-0.0017,0.0044,-0.0247
what_legal_reforms_do_you_think_are_needed_to_support_male_survivors_Gender neutral sexual abuse laws should be implemented ,-0.0143,0.0064,0.0255,-0.0438,0.013,0.0118,-0.0346,0.0387,0.0537,0.0183
what_legal_reforms_do_you_think_are_needed_to_support_male_survivors_Gender neutrality in CJS,-0.0257,0.003,0.009,0.0262,0.0168,0.0381,-0.0454,0.0007,-0.0105,-0.0134
what_legal_reforms_do_you_think_are_needed_to_support_male_survivors_Give equal rights to everyone ,0.0519,0.0116,0.0697,-0.0511,0.0035,-0.0081,0.0341,0.1447,0.0358,0.1822
what_legal_reforms_do_you_think_are_needed_to_support_male_survivors_Give them ample support and this type of heinous act should be punishable no matter who the victim are be it men or women,0.0009,-0.0199,-0.0717,-0.0098,-0.0589,0.025,0.0755,-0.03,-0.0203,0.004
what_legal_reforms_do_you_think_are_needed_to_support_male_survivors_Got v less to do with legal reforms. It has more to do with legal practices and judicial attitude towards the victims/survivors,-0.0029,-0.0028,0.0224,0.0017,-0.0252,0.0034,-0.0045,-0.0034,-0.0478,-0.0012
"what_legal_reforms_do_you_think_are_needed_to_support_male_survivors_Government funding for shelters, counseling, and victim support should be explicitly available to male survivors.
Laws should mandate that service providers accommodate male victims without stigma or dismissal.",-0.0144,0.0007,-0.0297,-0.0126,-0.0642,0.025,-0.0013,0.0147,0.0176,0.0253
what_legal_reforms_do_you_think_are_needed_to_support_male_survivors_Government funding for survivor services that prioritise both men and women equally ,0.0307,-0.0283,-0.0517,0.0376,-0.0436,-0.0835,-0.0343,-0.0067,0.0962,-0.0247
"what_legal_reforms_do_you_think_are_needed_to_support_male_survivors_Government should implement new laws related to the sexual crime, society and media also need to consider male victims as a victim of sexual abuse should not criticize them for that.",-0.0272,-0.0105,0.0064,0.009,0.0371,-0.0059,-0.0207,0.0216,-0.0412,0.0051
what_legal_reforms_do_you_think_are_needed_to_support_male_survivors_Helplines and counseling services,0.0317,0.0044,-0.0429,0.0062,-0.0652,0.0103,-0.0278,-0.0361,-0.0187,0.0003
what_legal_reforms_do_you_think_are_needed_to_support_male_survivors_I have no idea ,-0.0239,0.0132,-0.0167,-0.0164,-0.0189,0.0239,-0.0058,-0.001,-0.0482,0.0649
"what_legal_reforms_do_you_think_are_needed_to_support_male_survivors_Implement gender-neutral sexual assault laws, improve reporting mechanisms, and provide specialized support for male survivors.",0.0347,0.0129,0.0393,-0.0071,-0.0441,-0.0148,-0.0046,-0.048,0.0008,-0.0272
what_legal_reforms_do_you_think_are_needed_to_support_male_survivors_Increasing funding for support services,-0.0015,0.0264,-0.009,-0.0186,-0.0376,0.0198,-0.0973,-0.0766,-0.0463,0.0323
"what_legal_reforms_do_you_think_are_needed_to_support_male_survivors_India needs gender-neutral sexual assault laws, legal recognition of male victims, dedicated support systems, and stronger enforcement of existing provisions. Expanding POCSO-like protections to adult males and ensuring fair reporting mechanisms without stigma are crucial reforms.",-0.0257,-0.0207,-0.0087,-0.01,0.0128,-0.0102,0.0057,0.006,-0.0445,0.0393
what_legal_reforms_do_you_think_are_needed_to_support_male_survivors_Laws and protection should be given to both the genders equally,0.0004,0.0005,0.0067,0.0028,0.0032,-0.0231,-0.0402,0.0144,-0.0178,-0.0071
what_legal_reforms_do_you_think_are_needed_to_support_male_survivors_Laws should be gender neutral ,-0.012,0.0181,0.0212,-0.0402,-0.0208,0.0232,-0.0084,-0.0366,-0.0278,0.0069
what_legal_reforms_do_you_think_are_needed_to_support_male_survivors_Legal action ,0.0802,0.1615,-0.0705,0.0468,0.0443,0.0455,0.0336,-0.0078,-0.056,0.0798
"what_legal_reforms_do_you_think_are_needed_to_support_male_survivors_Legal frameworks should be made gender-neutral for male victims, with confidential reporting and counseling services available to them.
Law enforcement agencies should receive sensitivity training to ensure that men's cases are taken seriously.",-0.0016,-0.0056,-0.031,-0.0001,0.0022,0.0027,-0.0307,-0.0099,-0.0236,0.0208
"what_legal_reforms_do_you_think_are_needed_to_support_male_survivors_Legal reforms should ensure gender-neutral sexual violence laws, recognizing male survivors equally. Additionally, specialized support services and stronger enforcement against stigma-related barriers are needed.",0.0103,-0.0016,0.053,0.0117,-0.0445,-0.0024,0.0368,0.0301,0.015,-0.0105
"what_legal_reforms_do_you_think_are_needed_to_support_male_survivors_Legal reforms should include gender-neutral sexual assault laws and better support services.

",0.0102,0.0134,0.0134,-0.0361,-0.0227,0.0063,-0.0229,-0.0152,0.0591,0.0091
"what_legal_reforms_do_you_think_are_needed_to_support_male_survivors_Legal reforms to support male survivors could include:

1. Gender-inclusive laws that explicitly recognize male victims.


2. Confidential reporting options tailored to male survivors’ needs.


3. Increased funding for male-specific support services.


4. Training for law enforcement and judiciary on male survivor issues.


5. Stronger protections against stigma and discrimination in legal processes.



",0.0079,0.0232,-0.0027,-0.0103,-0.0179,0.0148,-0.0329,-0.0567,-0.0256,0.0131
"what_legal_reforms_do_you_think_are_needed_to_support_male_survivors_Making and implementing new laws.
",-0.0202,-0.0362,0.1222,0.291,0.0035,0.0709,0.0566,-0.0088,0.0602,0.0746
"what_legal_reforms_do_you_think_are_needed_to_support_male_survivors_Many laws define domestic violence, sexual assault, and rape in ways that assume female victims and male perpetrators. Laws should be gender-neutral to ensure male survivors receive equal protection.",-0.0009,-0.005,-0.0042,0.0062,-0.0106,-0.0099,-0.0538,-0.0556,0.0146,0.0509
"what_legal_reforms_do_you_think_are_needed_to_support_male_survivors_Many rape crisis centers are designed exclusively for female survivors, leaving male survivors with few resources.",0.0007,0.0163,0.0069,0.0052,-0.0081,-0.0499,-0.0287,-0.021,0.0358,-0.0293
what_legal_reforms_do_you_think_are_needed_to_support_male_survivors_Men are just needed to be heard.,-0.0125,-0.0095,-0.0014,0.0023,-0.0215,0.008,-0.0084,0.0115,-0.0059,0.0618
what_legal_reforms_do_you_think_are_needed_to_support_male_survivors_Mmmmm,0.099,-0.0458,0.0064,-0.0053,0.0485,0.0231,0.0016,0.0058,-0.0049,0.0026
what_legal_reforms_do_you_think_are_needed_to_support_male_survivors_Modifications in the criminal justice system,-0.0078,-0.0113,-0.0199,0.0126,-0.0311,-0.0797,-0.0308,0.0455,-0.0008,-0.0204
what_legal_reforms_do_you_think_are_needed_to_support_male_survivors_More sensitisation is required ,0.0001,0.0156,0.0137,0.0076,-0.0193,-0.0143,-0.013,-0.0074,0.001,-0.0176
what_legal_reforms_do_you_think_are_needed_to_support_male_survivors_Na,0.0772,-0.0714,-0.0258,0.057,0.0318,-0.0162,0.0017,0.0538,0.0465,-0.1069
what_legal_reforms_do_you_think_are_needed_to_support_male_survivors_National commission for male welfare,0.0024,0.0162,0.0207,-0.0207,-0.0415,0.0005,0.0031,-0.0082,0.014,0.0095
what_legal_reforms_do_you_think_are_needed_to_support_male_survivors_Need new laws to prevent male sexual abuse as well.,-0.013,-0.008,0.0088,0.0102,0.0072,-0.0112,0.0069,-0.0255,-0.0777,-0.0188
what_legal_reforms_do_you_think_are_needed_to_support_male_survivors_Need to change some policies to prevent these abuses ,-0.0199,0.0067,0.0201,0.0012,-0.0288,-0.0288,-0.1023,-0.0134,0.0119,0.0133
what_legal_reforms_do_you_think_are_needed_to_support_male_survivors_New laws,0.0106,0.0068,0.0386,-0.0115,-0.0073,-0.0082,-0.0027,-0.0317,-0.0349,-0.0456
what_legal_reforms_do_you_think_are_needed_to_support_male_survivors_New laws should come up to protect men’s rights too,-0.0021,0.0126,0.0152,0.0157,-0.0284,-0.0004,-0.0178,-0.0165,-0.0125,0.0125
what_legal_reforms_do_you_think_are_needed_to_support_male_survivors_Nil,0.0071,-0.0008,0.0109,0.0068,0.0041,-0.0239,-0.0335,-0.0601,0.0074,0.0095
what_legal_reforms_do_you_think_are_needed_to_support_male_survivors_Police reforms ,-0.0146,-0.007,-0.0023,-0.005,0.0732,-0.0562,0.0226,0.0554,-0.054,-0.0201
what_legal_reforms_do_you_think_are_needed_to_support_male_survivors_Punishments for the police officers who mock and do not take the male victims seriously.,-0.0104,0.039,-0.0053,0.0111,0.0331,-0.0212,-0.0251,0.0132,0.0187,-0.0614
"what_legal_reforms_do_you_think_are_needed_to_support_male_survivors_Raise awareness about the statistics of male victims getting abused.
Laws should enforce gender neutral decisions based on the facts.
Authorities like Police should be given training as they don’t take male victims seriously.",-0.0115,-0.006,-0.0134,0.0083,0.0431,-0.0035,-0.0362,0.0056,-0.0058,-0.0315
"what_legal_reforms_do_you_think_are_needed_to_support_male_survivors_Reforms are needed to amend definitions, remove gender bias, increase reporting options, enhance victim support, and provide training for professionals to support male survivors of abuse.",-0.0456,-0.0029,-0.0027,-0.0178,0.0509,-0.0022,-0.0349,0.0629,-0.0478,0.007
what_legal_reforms_do_you_think_are_needed_to_support_male_survivors_Reforms that include better laws for male survivors ,0.0049,0.0353,-0.0009,-0.0159,-0.0148,0.0179,-0.0208,0.0254,-0.0149,0.023
"what_legal_reforms_do_you_think_are_needed_to_support_male_survivors_Seperate clause for any kind of sexual abuse against male shd be considered, with strict punishment. They are to be considered same as a women do.",-0.0484,-0.0009,-0.006,-0.0074,0.0268,0.0289,0.0042,0.007,-0.0242,0.0048
what_legal_reforms_do_you_think_are_needed_to_support_male_survivors_Sexual abuse act need to made .. most of the case male also victim by male or female sometimes they also victim by third Gender ,0.026,0.0027,0.0135,0.0017,0.0307,0.0051,-0.0407,-0.0042,-0.033,-0.0282
what_legal_reforms_do_you_think_are_needed_to_support_male_survivors_Shelters and safe houses,-0.0002,0.021,0.0181,-0.0081,-0.017,-0.0212,-0.0234,0.0785,-0.0269,0.0004
"what_legal_reforms_do_you_think_are_needed_to_support_male_survivors_Social awareness and campaigns, gender-equality in addressing SA",-0.046,-0.0048,-0.0,0.0064,0.0451,0.0147,-0.0079,0.0026,0.0081,-0.0234
what_legal_reforms_do_you_think_are_needed_to_support_male_survivors_Stop supporting the LGBTQ concept and mindset and also taking men victim seriously and women get equally punished.,0.0081,-0.0621,-0.0784,0.0159,-0.0487,0.0135,0.1196,-0.003,-0.0049,-0.0609
what_legal_reforms_do_you_think_are_needed_to_support_male_survivors_Stricter and more neutral laws,0.0115,-0.0229,-0.0383,-0.0122,-0.0518,-0.0252,-0.0403,0.0598,0.0124,0.0116
what_legal_reforms_do_you_think_are_needed_to_support_male_survivors_Strong law and order ,-0.028,0.0045,0.0025,-0.0164,0.0004,0.005,-0.0547,0.0207,0.0422,-0.0234
"what_legal_reforms_do_you_think_are_needed_to_support_male_survivors_Support, legal aids & forums. Rehabilitation centres. Fair custody and divorce laws. Legal protection against sexual violence ",0.0026,-0.0136,0.017,0.0372,-0.0444,-0.0451,0.0057,0.0251,-0.0649,-0.0198
"what_legal_reforms_do_you_think_are_needed_to_support_male_survivors_Supporting male survivors requires legal reforms that address gender biases, improve access to justice, and ensure proper support systems. Many laws and policies still overlook or minimize the experiences of men who face sexual violence, domestic abuse, or other forms of harm.  

One key reform is making legal definitions gender-inclusive. Many laws assume only women can be victims, particularly in cases of sexual violence and domestic abuse. Expanding these definitions ensures that male survivors receive equal legal protection.  

Access to services must also be improved. Many shelters, crisis hotlines, and victim support programs primarily serve women, leaving men with limited options. Laws should mandate equal access and funding for male-specific support services.  

Law enforcement and judicial systems need better training. Many officers and judges dismiss or misunderstand male victimization due to stereotypes. Mandatory training can help ensure cases are taken seriously and handled properly.  

Family court reform is also crucial. Men who experience domestic abuse often struggle in custody battles because courts tend to favor mothers. Recognizing male victimization in custody decisions and protection orders is necessary for fairness.  

Confidentiality protections should be strengthened. Many male survivors fear coming forward due to stigma. Stronger privacy laws can help protect their identities and encourage reporting.  

Prison reform is another urgent issue. Sexual violence against men in prisons is widespread but often ignored. Stronger oversight, better protections, and stricter accountability measures are needed.  

Finally, public awareness campaigns should be part of legal reforms. Challenging stereotypes and educating the public about male victimization can help reduce stigma and encourage survivors to seek help.  

Would you like to focus on reforms in a specific country or legal system?",0.0024,-0.0006,0.0211,0.0261,-0.0168,-0.0466,0.0292,0.0086,-0.0211,-0.0175
"what_legal_reforms_do_you_think_are_needed_to_support_male_survivors_That’s a powerful and important question. Legal reforms to support male survivors of abuse, assault, or violence often lag behind broader discussions of victim support. Here are some key areas where reforms could make a real difference:

1. Gender-Inclusive Legal Definitions

Many laws around sexual assault or domestic violence are still written with female victims in mind. Revising statutes to use gender-neutral language ensures male survivors are fully recognized and protected under the law.


2. Improved Reporting Procedures

Create trauma-informed, male-inclusive reporting mechanisms. Some men fear they won’t be believed or will be ridiculed if they report abuse. Police, prosecutors, and judges need training to take all reports seriously, regardless of gender.


3. Access to Support Services

Legally mandate access to shelters, counseling, and legal aid for male survivors. Currently, many services are either unavailable or poorly equipped to handle


",-0.0026,0.0032,-0.0173,-0.0067,-0.0104,-0.0171,-0.019,-0.0524,0.0077,-0.0031
"what_legal_reforms_do_you_think_are_needed_to_support_male_survivors_The neglect that male survivors of sexual abuse experience must be acknowledged and addressed by legal measures. Abuse frequently starts early and is perpetrated by familiar people through unwanted physical contact, coercion, and even sexual performance parody. The erroneous belief that men must be ""strong"" and independent often leads to their rejection, mockery, and expectation that they will suffer through trauma in silence. Lawmakers should create specialised support networks, guarantee gender-neutral acknowledgement of survivors, and take strong action against offenders in order to counteract this. To break the stigma and empower males to speak up without fear of prejudice, mental health resources and awareness campaigns are crucial.",-0.0181,-0.029,-0.0426,-0.0081,-0.0222,0.0041,0.0504,-0.0141,-0.0168,0.0556
"what_legal_reforms_do_you_think_are_needed_to_support_male_survivors_The police officials should get a proper class on male sexual abuse and should know the intensity of the act.
There should be a proper law to be made for male sexual abuse.
Also the society should accept that its a crime not some shameful thing to be mocked.
Awareness classes at school and university to be conducted and they should know what is right and wrong.
And also they should feel its okay to share these things.",-0.0226,-0.0084,-0.0259,0.0034,0.0652,0.024,0.0196,0.0026,-0.0491,0.0101
what_legal_reforms_do_you_think_are_needed_to_support_male_survivors_The society and especially the government is becoming biased towards women. Every law and actions are made for them and are given more attention. There are numerous cases of male sexual assault but are not reported. I think government should put same emphasis on men as they do in case of women. Some special reforms in the laws and especially awareness which will help men to know that their problems really matters. And the male population too has to understood that male sexual assault is also an important thing to focus on so as women.,-0.0121,-0.0155,-0.0382,-0.0015,-0.0403,-0.0529,0.0457,-0.0102,0.0026,-0.0085
what_legal_reforms_do_you_think_are_needed_to_support_male_survivors_Therapy ,0.0215,-0.003,-0.0016,0.0092,-0.0146,-0.031,-0.0161,0.0035,-0.0347,0.0108
what_legal_reforms_do_you_think_are_needed_to_support_male_survivors_There should be laws that protect male victims of sexual abuse. There should be more awareness campaigns from the govt towards the mass population. The offenders should be punished. ,-0.0195,-0.002,-0.0104,0.0018,0.0149,0.0097,-0.0078,-0.0102,0.0344,0.0077
what_legal_reforms_do_you_think_are_needed_to_support_male_survivors_They should be given equal treatments and judicial support as woman receives.,-0.016,-0.0096,-0.0097,-0.0271,0.0127,0.0091,-0.0274,0.0243,0.0544,-0.044
what_legal_reforms_do_you_think_are_needed_to_support_male_survivors_They should be taken as adversely as the females are taken,0.0251,0.2464,-0.0789,0.0676,0.0298,-0.0201,0.0745,0.0342,0.0772,-0.0726
"what_legal_reforms_do_you_think_are_needed_to_support_male_survivors_To support male survivors, legal reforms should include amendments to existing laws to remove gender-specific language and ensure equal protection. Additionally, laws should provide for increased funding and resources for services specifically supporting male survivors.",0.0362,-0.0081,0.096,-0.0771,-0.0108,0.0565,0.1345,-0.0221,-0.0469,-0.0984
what_legal_reforms_do_you_think_are_needed_to_support_male_survivors_Unity,-0.022,-0.0457,-0.0456,0.013,-0.0574,-0.069,0.1282,-0.0013,-0.0587,0.1267
what_legal_reforms_do_you_think_are_needed_to_support_male_survivors_We need to implement a commission for men as well. There should be a central location where men can seek support.,-0.031,-0.008,-0.0026,0.0127,0.0546,-0.0632,-0.0575,-0.0709,-0.0019,-0.0048
what_legal_reforms_do_you_think_are_needed_to_support_male_survivors_We should make legal supports for men security ,0.0593,-0.0041,0.0662,-0.0436,0.0173,-0.0335,0.0052,0.0803,0.0492,0.0015
what_legal_reforms_do_you_think_are_needed_to_support_male_survivors_better institutional support,0.0148,0.057,0.0045,-0.0152,-0.0135,-0.0067,-0.0081,0.0589,-0.0425,0.0631
what_legal_reforms_do_you_think_are_needed_to_support_male_survivors_each legal body should run without any gender bias,-0.0439,0.0063,-0.0193,-0.0182,0.0837,-0.0339,0.0107,0.052,-0.0041,-0.0173
"what_legal_reforms_do_you_think_are_needed_to_support_male_survivors_legal protection for male victim, laws implementation on the behalf of male victims, mental support from society. ",-0.0382,-0.0069,-0.0072,-0.005,0.028,0.0154,-0.0019,-0.0226,-0.042,0.0262
"what_legal_reforms_do_you_think_are_needed_to_support_male_survivors_non biased judgement irrespective of gender
corrective measures to be taken against offenders
equal acceptance of f.i.r.s by men",-0.0335,-0.0065,-0.003,-0.0309,0.0079,0.0442,0.0067,-0.001,0.0227,0.0292
"what_legal_reforms_do_you_think_are_needed_to_support_male_survivors_पहली बात तो मुझे यही पता नहीं कि पुरुषों के लिए कोई कानून है भी या नहीं। 
पैदा होने से अब तक जितने भी कानून देखे महिलाओं के लिए ही देखे है। भले ही समाज पुरुषप्रधान है कहकर चिल्लाया जाता हो लेकिन महिलाओं के मुकाबले पुरुषों को मजबूत मानने वाले समाज ने पुरुष को कभी उस दृष्टि से देखा ही नहीं कि उसके ऊपर भी कोई अत्याचार हो सकता है।",-0.0564,-0.0153,-0.0466,-0.0147,0.135,-0.0788,0.0804,-0.1456,0.1032,0.0228
what_legal_reforms_do_you_think_are_needed_to_support_male_survivors_নাজানো,-0.0156,-0.0093,-0.0357,-0.0162,-0.0037,0.0407,0.0639,-0.038,-0.0363,0.0081
"what_legal_reforms_do_you_think_are_needed_to_support_male_survivors_●addition of new clause to the Indian law
●spread awareness 
●provide counselling and support ",-0.0219,0.0035,0.0326,-0.0407,-0.0123,0.0886,0.0016,0.0091,0.086,0.024
"what_do_you_think_is_the_best_way_to_address_male_sexual_abuse_in_india_select_all_that_apply_Creating gender-neutral sexual violence laws, Encouraging men to report abuse without fear",0.0143,0.0075,0.1052,-0.0634,-0.0035,-0.0014,0.0829,-0.0546,-0.1148,-0.0939
"what_do_you_think_is_the_best_way_to_address_male_sexual_abuse_in_india_select_all_that_apply_Creating gender-neutral sexual violence laws, Increasing awareness through media campaigns",0.0322,0.1646,-0.054,0.0286,-0.0434,-0.0163,0.0165,0.0496,0.0114,-0.0062
"what_do_you_think_is_the_best_way_to_address_male_sexual_abuse_in_india_select_all_that_apply_Creating gender-neutral sexual violence laws, Increasing awareness through media campaigns, Encouraging men to report abuse without fear",-0.0203,-0.0235,-0.0469,-0.0035,-0.1055,-0.015,-0.0588,0.0518,0.0186,0.0681
"what_do_you_think_is_the_best_way_to_address_male_sexual_abuse_in_india_select_all_that_apply_Creating gender-neutral sexual violence laws, Increasing awareness through media campaigns, Providing more psychological support for male survivors",0.0034,-0.0618,-0.0691,-0.0035,-0.081,-0.0675,0.144,-0.0202,-0.0291,0.0032
"what_do_you_think_is_the_best_way_to_address_male_sexual_abuse_in_india_select_all_that_apply_Creating gender-neutral sexual violence laws, Increasing awareness through media campaigns, Providing more psychological support for male survivors, Encouraging men to report abuse without fear",-0.1649,-0.022,-0.0269,-0.0364,0.1237,0.0903,-0.0871,-0.009,0.0614,-0.0023
"what_do_you_think_is_the_best_way_to_address_male_sexual_abuse_in_india_select_all_that_apply_Creating gender-neutral sexual violence laws, Increasing awareness through media campaigns, Providing more psychological support for male survivors, Encouraging men to report abuse without fear, Sexual education at schools.",0.0004,0.0013,0.0384,-0.0874,0.0187,0.0196,0.0885,-0.0774,0.1731,0.0568
"what_do_you_think_is_the_best_way_to_address_male_sexual_abuse_in_india_select_all_that_apply_Creating gender-neutral sexual violence laws, Providing more psychological support for male survivors",-0.0085,-0.0093,-0.036,-0.0198,-0.0247,-0.0528,0.0207,0.119,0.0158,-0.0209
"what_do_you_think_is_the_best_way_to_address_male_sexual_abuse_in_india_select_all_that_apply_Creating gender-neutral sexual violence laws, Providing more psychological support for male survivors, Encouraging men to report abuse without fear",-0.0239,-0.0244,-0.013,0.0398,-0.0647,-0.0443,-0.0227,0.0663,-0.0502,-0.0547
what_do_you_think_is_the_best_way_to_address_male_sexual_abuse_in_india_select_all_that_apply_Encouraging men to report abuse without fear,-0.0015,0.0264,-0.009,-0.0186,-0.0376,0.0198,-0.0973,-0.0766,-0.0463,0.0323
what_do_you_think_is_the_best_way_to_address_male_sexual_abuse_in_india_select_all_that_apply_Increasing awareness through media campaigns,0.0923,-0.0387,0.04,0.0061,0.0366,-0.0654,-0.0296,0.0445,0.0791,-0.0952
"what_do_you_think_is_the_best_way_to_address_male_sexual_abuse_in_india_select_all_that_apply_Increasing awareness through media campaigns, Encouraging men to report abuse without fear",0.0376,0.0153,0.0836,-0.035,-0.0481,-0.0059,0.0431,0.0971,0.0378,0.1056
"what_do_you_think_is_the_best_way_to_address_male_sexual_abuse_in_india_select_all_that_apply_Increasing awareness through media campaigns, Providing more psychological support for male survivors",0.0457,0.0023,0.0009,-0.0117,-0.0164,0.0025,-0.0071,-0.0316,-0.0801,0.0264
"what_do_you_think_is_the_best_way_to_address_male_sexual_abuse_in_india_select_all_that_apply_Increasing awareness through media campaigns, Providing more psychological support for male survivors, Encouraging men to report abuse without fear",-0.0087,0.0024,0.1146,0.1735,-0.0006,-0.0142,0.0266,-0.0129,0.0178,0.0148
what_do_you_think_is_the_best_way_to_address_male_sexual_abuse_in_india_select_all_that_apply_Providing more psychological support for male survivors,0.1645,-0.1089,-0.0774,0.0068,0.1143,0.068,-0.0379,-0.0054,0.0222,0.0525
"what_do_you_think_is_the_best_way_to_address_male_sexual_abuse_in_india_select_all_that_apply_Providing more psychological support for male survivors, Encouraging men to report abuse without fear",0.0307,-0.0283,-0.0517,0.0376,-0.0436,-0.0835,-0.0343,-0.0067,0.0962,-0.0247
do_you_think_support_from_the_family_can_help_reduce_stigma_and_encourage_male_survivors_to_speak_up_Not Sure,0.0908,-0.1132,-0.1833,0.0434,-0.1024,-0.0099,0.064,-0.0072,0.0174,-0.0258
do_you_think_support_from_the_family_can_help_reduce_stigma_and_encourage_male_survivors_to_speak_up_Yes,-0.1296,0.0912,0.2118,-0.0535,0.1114,0.0401,-0.0733,-0.0073,-0.0166,-0.0318
do_you_think_support_from_the_social_circle_can_help_reduce_stigma_and_encourage_male_survivors_to_speak_up_Not sure,0.0855,-0.1137,-0.1976,0.0448,-0.1257,0.0893,0.0283,0.049,0.0412,-0.0658
do_you_think_support_from_the_social_circle_can_help_reduce_stigma_and_encourage_male_survivors_to_speak_up_Yes,-0.1115,0.0766,0.2205,-0.0474,0.1013,-0.0829,-0.022,-0.0378,-0.0293,0.0404
